Image 1,Image 2,Menu,Winner
242040123_840472366663122_4640622842603712661_n.jpg,243792915_536384637454123_1519817044320514608_n.jpg,Burger,1
241930481_591691895299109_8444077421940760106_n.jpg,242365432_1471771356526361_5729615427424637784_n.jpg,Burger,1
241669508_570009967479934_6055648635858647982_n.jpg,242080701_259178729404817_2318096876944401439_n.jpg,Burger,1
241405968_545471979992438_4900432745517540411_n.jpg,241982674_104591745259055_264484297106237243_n.jpg,Burger,1
241147352_872989330267554_5117743149400882105_n.jpg,241736688_287677299438743_7492845730420165192_n.jpg,Burger,1
241669508_570009967479934_6055648635858647982_n.jpg,241460731_226219536186249_6590689826269789117_n.jpg,Burger,1
124201913_406375907409068_6427797572171456387_n.jpg,124944220_848402539035653_5531286939794648867_n.jpg,Burger,1
124259763_513985859559524_639093050765798407_n.jpg,123842105_106287434555155_903092352925020137_n.jpg,Burger,1
123813369_690511601899954_5308448466369469261_n.jpg,123525413_128665495681949_8904140655866497330_n.jpg,Burger,1
123246916_1152620635191453_5451475725585609683_n.jpg,124529329_196644668645758_7807888401112316642_n.jpg,Burger,1
123263191_1004901990017393_8224379764195888247_n.jpg,124944220_848402539035653_5531286939794648867_n.jpg,Burger,1
123144100_3559502577443042_9042438882561436448_n.jpg,123842105_106287434555155_903092352925020137_n.jpg,Burger,1
12357577_141291829575945_1100786173_n.jpg,1169172_946210408765305_1703024980_n.jpg,Burger,1
12357657_464047893784524_1211847166_n.jpg,12393930_1290058174371791_1982103263_n.jpg,Burger,1
12353971_559396860889252_548820150_n.jpg,12317777_1628344680759247_782198078_n.jpg,Burger,1
12357577_141291829575945_1100786173_n.jpg,12317377_781523475286196_1213813759_n.jpg,Burger,1
12357657_464047893784524_1211847166_n.jpg,12338670_624262464379289_529618177_n.jpg,Burger,1
12353971_559396860889252_548820150_n.jpg,12328152_203637039980325_1199035321_n.jpg,Burger,1
11084657_1580866332160621_2014037776_n.jpg,11055523_1428321640793506_727687319_n.jpg,Burger,1
10584705_414935325345968_506215617_n.jpg,11032808_908429659208997_497390580_n.jpg,Burger,1
11117136_448997341923974_711657908_n.jpg,1516417_377738045750906_293275553_n.jpg,Burger,1
1799763_1568846116721848_153794917_n.jpg,10838476_1603547203214490_1673567624_n.jpg,Burger,1
11055445_556613634441094_1451985382_n.jpg,11055989_349384535252405_1973311748_n.jpg,Burger,1
321155392_654081873125804_4597979222163610840_n.jpg,317612359_466471425630629_9103376320134147638_n.jpg,Burger,1
320058631_1106504873331527_1104522570667449301_n.jpg,316251043_199244229243125_7947605523535885737_n.jpg,Burger,1
320517376_511885147583671_2321409779503336402_n.jpg,315545262_151251904307715_8335897229817639599_n.jpg,Burger,1
316919062_461083599286289_5663528881580615272_n.jpg,316251043_199244229243125_7947605523535885737_n.jpg,Burger,1
315954476_1363413874428174_5047933422376746604_n.jpg,315545262_151251904307715_8335897229817639599_n.jpg,Burger,1
138889331_411019610232400_9204160817480151258_n.jpg,138597369_411282483319072_2172309799375482580_n.jpg,Burger,1
56857856_349378192364561_3175469851077709861_n.jpg,55959664_114979116145075_190689598869178124_n.jpg,Burger,1
246881205_1060308394729253_8523102798317047106_n.jpg,246909530_625701205474212_7812503004769120618_n.jpg,Burger,1
246182698_1827649727421902_6016106697785662114_n.jpg,244779662_617395409433088_4689546542546692175_n.jpg,Burger,1
244575365_997728941073802_8477394986212377626_n.jpg,244653677_182241847288303_2309291450720088801_n.jpg,Burger,1
244418437_652548022397059_7976205653246574973_n.jpg,244653677_182241847288303_2309291450720088801_n.jpg,Burger,1
242444163_808371556525263_6237946571936485908_n.jpg,242365432_1471771356526361_5729615427424637784_n.jpg,Burger,1
242040123_840472366663122_4640622842603712661_n.jpg,242080814_180427190878194_8237751870754355664_n.jpg,Burger,1
241945976_219794936867056_3660125110849133159_n.jpg,241736688_287677299438743_7492845730420165192_n.jpg,Burger,1
202894817_489305059025170_6567701396188617551_n.jpg,202275482_476068050142917_1015846863189834453_n.jpg,Burger,1
189864350_232180965378952_723271456145310024_n.jpg,189312051_100927135512997_3596389191749746231_n.jpg,Burger,1
157766128_4212722635447131_4466236851104630479_n.jpg,157832022_613037262894806_7794547713278426115_n.jpg,Burger,1
1516457_1521380128166845_1132685752_n.jpg,11378439_559392404220010_1293992798_n.jpg,Burger,1
12269817_1652930111628750_2126824828_n.jpg,12276904_200090120329720_1695405197_n.jpg,Burger,1
11934623_1651838481728580_1053182626_n.jpg,11881588_1487258208259212_1915419048_n.jpg,Burger,1
328512583_147177301189355_6576280018312221410_n.jpg,329055792_1185200812357367_2347564196992113551_n.jpg,Burger,1
328585071_222645483549576_3261062134020471437_n.jpg,328102537_157629580424965_7907289441447984072_n.jpg,Burger,1
316919062_461083599286289_5663528881580615272_n.jpg,316809697_450388840612200_3687028451398628377_n.jpg,Burger,1
311839896_851885102669357_1807925086505379238_n.jpg,311337699_1438142933345116_8475819194754819325_n.jpg,Burger,1
290373841_779313873090563_302300073867999030_n.jpg,289873030_573027841054648_5994248954870037846_n.jpg,Burger,1
287531017_531410871955633_1499432577391323478_n.jpg,285736825_739013377295829_7509909508467983147_n.jpg,Burger,1
32741410_412246269242891_4226783204117315584_n.jpg,32570375_263844451023649_1124307934264688640_n.jpg,Burger,1
47063712_125320968467683_7173220387282730018_n.jpg,43985334_755487431465034_2235324865984388530_n.jpg,Dessert,1
46075061_259195838074788_8620640821040098288_n.jpg,47208019_131763921151617_4207235528937573710_n.jpg,Dessert,1
43984815_756708454672570_7854186937707940386_n.jpg,47583886_959105464300606_4544117051112770499_n.jpg,Dessert,1
44443963_334258080711354_2229040996309720079_n.jpg,43282933_2124641664530671_1546378145801720259_n.jpg,Dessert,1
46593162_260502597950491_4819882371830179690_n.jpg,43167157_1345463592261643_887925330050359493_n.jpg,Dessert,1
43779032_255676925302438_3642097486736901401_n.jpg,45387172_154026302236060_3036825668634193332_n.jpg,Dessert,1
44221467_353480848721263_7774222579126973040_n.jpg,44392043_731977683832931_2724141811801446502_n.jpg,Dessert,1
43040786_1190988517718482_659501642979455709_n.jpg,47382561_528489687662552_1430211809675366275_n.jpg,Dessert,1
30084913_366916300479195_2454007638485106688_n.jpg,30591647_2044923619164298_5011235186612895744_n.jpg,Dessert,1
28763812_421915311589223_468712095999852544_n.jpg,30087582_1011417512356748_5711520550434635776_n.jpg,Dessert,1
29738300_166987397349247_8517128750234599424_n.jpg,30590213_167256450655633_4677126918993084416_n.jpg,Dessert,1
30998804_1728877577202558_8393779531466407936_n.jpg,29089067_575781026116302_6310780019937378304_n.jpg,Dessert,1
17125954_610691769129855_8469197396247576576_n.jpg,17586866_1915227215380086_2845729593845874688_n.jpg,Dessert,1
17332673_416154288733886_906686824754184192_n.jpg,17439377_384116988642208_4886846053183127552_n.jpg,Dessert,1
17267804_1072336882911831_7477207878135185408_n.jpg,17438382_1364583190229308_1169100500381990912_n.jpg,Dessert,1
17126216_730011753833581_5803106261255847936_n.jpg,17586984_428229494183717_8440815539391037440_n.jpg,Dessert,1
17125805_1772374943079893_3070713587266748416_n.jpg,16583277_1246649542115241_8819044889351159808_n.jpg,Dessert,1
17494054_1871412776410068_5319361577856532480_n.jpg,16583277_1246649542115241_8819044889351159808_n.jpg,Dessert,1
14482909_851684298265659_1586249804596379648_n.jpg,14736459_680056438818748_8214456714053812224_n.jpg,Dessert,1
14592019_548118222063831_7773393976828100608_n.jpg,14533483_927667504005415_5552794433373601792_n.jpg,Dessert,1
14723062_546346765565172_7314247455896240128_n.jpg,14134522_297991087234644_634290434_n.jpg,Dessert,1
14499099_1709090266082072_3827740816302931968_n.jpg,14134591_1091059380986007_1348193478_n.jpg,Dessert,1
14474556_1170356453032202_9109981902353203200_n.jpg,14374186_1813509185589101_1184491055_n.jpg,Dessert,1
66386164_358673745025659_8678576997166330969_n.jpg,68738221_2358509887531724_710153087721141460_n.jpg,Dessert,1
66857474_204729163847890_1564825636653318367_n.jpg,66001652_483555159121792_3579560081300032353_n.jpg,Dessert,1
66823128_101888527800543_7492075923923480441_n.jpg,69298965_417868338933825_1057003402035586818_n.jpg,Dessert,1
69411483_2452642241684379_3350795237634092793_n.jpg,70596578_174451303720891_4027583205877196172_n.jpg,Dessert,1
67700071_2320512351546408_7712552901933445619_n.jpg,67643458_513229729431147_9016705618040264800_n.jpg,Dessert,1
68695990_2354753638110216_2164502492632212496_n.jpg,70865949_112491616616167_1205244557990048676_n.jpg,Dessert,1
69246465_2432307053759293_6972590829265969314_n.jpg,66691675_2272137436433951_7270203045801967989_n.jpg,Dessert,1
69716504_1132739756925973_3067548656737891043_n.jpg,70487159_500195117211906_5115210288391345252_n.jpg,Dessert,1
67660858_182292709476417_493006457423748393_n.jpg,67979128_101571394494238_3626146426412269514_n.jpg,Dessert,1
36641126_1012262748948219_1150333404558917632_n.jpg,37333709_256817888245440_2969204560666558464_n.jpg,Dessert,1
37386655_1987926171251491_4595649482422484992_n.jpg,36778540_1925615937499645_3768940708270964736_n.jpg,Dessert,1
32677889_450927265351277_7641543179535122432_n.jpg,36136831_2124982137714547_2129685024352501760_n.jpg,Dessert,1
31326532_160368024798702_8444503262735892480_n.jpg,30590213_167256450655633_4677126918993084416_n.jpg,Dessert,1
30998804_1728877577202558_8393779531466407936_n.jpg,30590143_180756565911422_668976113090822144_n.jpg,Dessert,1
30592539_902862853226749_2329226460440559616_n.jpg,30087582_1011417512356748_5711520550434635776_n.jpg,Dessert,1
29088114_199921677269426_2267343497897967616_n.jpg,29089067_575781026116302_6310780019937378304_n.jpg,Dessert,1
28435026_592341481119733_2245198367346917376_n.jpg,28156915_311041766087625_8177125429547630592_n.jpg,Dessert,1
28429159_1116402855168407_258034582807379968_n.jpg,28428492_1933111390351317_6609658019447832576_n.jpg,Dessert,1
30079147_2466548156704481_7240125253899255808_n.jpg,30590143_180756565911422_668976113090822144_n.jpg,Dessert,1
30084913_366916300479195_2454007638485106688_n.jpg,30087315_233745567190414_6827829120995426304_n.jpg,Dessert,1
263526381_3033176853598964_3564393029331855378_n.jpg,269977490_1066920094159592_3907553725159899621_n.jpg,Pizza,1
37901325_2099160820353315_4065634832875520000_n.jpg,38769458_260488591232387_8823641999006498816_n.jpg,Pizza,1
331254884_3299849373600863_1488592353295246488_n.jpg,332029467_908125623649524_1435351589380532417_n.jpg,Pizza,1
331129582_572122901610872_1126705209364013612_n.jpg,331254884_3299849373600863_1488592353295246488_n.jpg,Pizza,1
331534956_159875096857375_3296763842997835471_n.jpg,333545956_867568937645420_5319227789523335769_n.jpg,Pizza,1
329815115_929505391399843_2184734212831694842_n.jpg,333545956_867568937645420_5319227789523335769_n.jpg,Pizza,1
330755232_756223642598816_3488260083344247065_n.jpg,332029467_908125623649524_1435351589380532417_n.jpg,Pizza,1
193014577_1376198326114767_6566017916208890067_n.jpg,191580828_204120388204821_5606191026488680255_n.jpg,Pizza,1
192282368_792206611407518_1007951215466331085_n.jpg,191580828_204120388204821_5606191026488680255_n.jpg,Pizza,1
21577064_305928119876962_1122959482037469184_n.jpg,21826947_143790632892171_6615768422175211520_n.jpg,Pizza,1
21576787_186490498585939_7473244864566525952_n.jpg,21826947_143790632892171_6615768422175211520_n.jpg,Pizza,1
13402479_599303026897003_1410691472_n.jpg,13534367_146722982401819_1927351267_n.jpg,Pizza,1
13658670_497262657135772_1778521620_n.jpg,13636237_1345312905496250_751373314_n.jpg,Pizza,1
14269234_1797724650447475_1015428204_n.jpg,14374501_1317027038337445_751016389_n.jpg,Pizza,1
13739388_271874309864416_1537830796_n.jpg,13636237_1345312905496250_751373314_n.jpg,Pizza,1
329055789_604066361561665_2647923405224535561_n.jpg,329254435_528795616010960_2823548198250212389_n.jpg,Pizza,1
325580434_1880300635680416_1608672648779428061_n.jpg,325770593_696688508784266_1279683297851617284_n.jpg,Pizza,1
324698842_176782604980499_4221165803343298178_n.jpg,323843437_871608254048264_565803655224326339_n.jpg,Pizza,1
323840603_538471624874998_7214011113131531368_n.jpg,323154586_710968117075474_8046182971846767828_n.jpg,Pizza,1
320500169_674569027485279_9146216692868739185_n.jpg,320206155_210086324808432_7079739435774538141_n.jpg,Pizza,1
315291402_1423671051372706_514119147595511095_n.jpg,315104574_419238686921452_2947015828713113815_n.jpg,Pizza,1
310904820_807493737034369_8679322338724860007_n.jpg,310791550_139907805426615_1963917203063835898_n.jpg,Pizza,1
21569084_115595109121232_821729120349061120_n.jpg,21909631_127579371301668_4419782464415727616_n.jpg,Pizza,1
20759618_1849522951854074_3638746935130587136_n.jpg,20634628_110624352971529_3403870025709256704_n.jpg,Pizza,1
321174604_542695657877364_2475541234582595236_n.jpg,321385561_715065206564337_7449202780081155322_n.jpg,Pizza,1
320728043_647148227156917_1556510158367256441_n.jpg,321178296_212708044476601_8618792986623464295_n.jpg,Pizza,1
324066583_696594978837575_1763990571754926206_n.jpg,324396169_3325679051013306_8444172864914828632_n.jpg,Pizza,1
70936517_134347931197642_8607233491743510223_n.jpg,72398031_161074508339862_255153037470427400_n.jpg,Pizza,1
72121505_144983450096969_2991056584111866415_n.jpg,70737011_2763154007028739_374686330012369928_n.jpg,Pizza,1
69696685_140898560498039_8268027791297878256_n.jpg,70818896_119538355830924_6456036385423074606_n.jpg,Pizza,1
70015181_528309364588048_2968859348775117286_n.jpg,69242049_490578168452699_8228760906667086501_n.jpg,Pizza,1
69928621_396480091017544_8953670775007323308_n.jpg,69166160_2678359048862501_4121662786632242262_n.jpg,Pizza,1
68982871_2325493434365659_5848370348348127766_n.jpg,69872492_193141185027633_3927023284964145711_n.jpg,Pizza,1
67361878_528608977907738_1595405839640298962_n.jpg,67597662_2306918179623591_8406980830756923887_n.jpg,Pizza,1
66249285_2142910869169380_4765719460207307427_n.jpg,66719980_341359163436442_354242312381491450_n.jpg,Pizza,1
23098577_531787757165618_5091296413552214016_n.jpg,22711055_857689577718971_7199777523666780160_n.jpg,Pizza,1
21980279_302747960128833_4149313002098655232_n.jpg,21910602_486962664993202_3698330694305447936_n.jpg,Pizza,1
12976682_1713422055599964_574178276_n.jpg,12965113_613415135473191_1898479772_n.jpg,Pizza,1
328062475_935640610930945_4188447289487934956_n.jpg,329854616_1386301152145339_3464628345824517324_n.jpg,Pizza,1
316727614_195007969699143_6914545750453147051_n.jpg,317306617_546295547311077_3789034936068370026_n.jpg,Pizza,1
338772117_1157772604849812_7831834239570284609_n.jpg,338381359_3226273097518478_1212933305138317470_n.jpg,Pizza,1
257434206_144994377865438_2394023090724194719_n.jpg,249751184_219541303611452_4288877200337208414_n.jpg,Pizza,1
257434206_144994377865438_2394023090724194719_n.jpg,251294508_571232124109658_7983019635482274522_n.jpg,Pizza,1
210090038_405690277371827_8919711673644676962_n.jpg,210534471_2949818438596450_6063318435112131948_n.jpg,Pizza,1
199349952_586719668962622_9145761867838295734_n.jpg,194982265_168585988547184_2011772503205105764_n.jpg,Pizza,1
199349952_586719668962622_9145761867838295734_n.jpg,202217655_481096222982347_8617005837864237189_n.jpg,Pizza,1
132963945_701499294065044_727060662199526531_n.jpg,134853253_403373004306600_4404929582210348964_n.jpg,Pizza,1
76817153_3720330764659745_5354196926280538804_n.jpg,71565864_3193129330703815_5344563430802114085_n.jpg,Pizza,1
76817153_3720330764659745_5354196926280538804_n.jpg,72419762_456963268268747_6237057873984626535_n.jpg,Pizza,1
87578397_1525013024332090_4643922563362928419_n.jpg,84430619_250864489405363_1959860875934293042_n.jpg,Ramen,1
87405172_776045132919961_4978221120741961536_n.jpg,87404058_637395990421456_1813220378013752495_n.jpg,Ramen,1
83076232_2609036959333753_8401795662560967130_n.jpg,83840360_170498047715911_3514566923656672119_n.jpg,Ramen,1
83076232_2609036959333753_8401795662560967130_n.jpg,84305897_221596552194123_1479691928995390738_n.jpg,Ramen,1
70499576_552557015511989_393928320450088101_n.jpg,73049986_1001468773521202_7996101210304759685_n.jpg,Ramen,1
11379899_847157352041635_1130630752_n.jpg,10543922_450932588401336_739678509_n.jpg,Ramen,1
11254473_1004519686226204_1468534364_n.jpg,11381786_403750313154413_14393541_n.jpg,Ramen,1
222647960_416018753036515_8837004213601522263_n.jpg,224978068_998880990944851_414209005693750126_n.jpg,Ramen,1
174655637_1452065868465595_3126179082713999396_n.jpg,171063808_295648475411933_5208077399226599921_n.jpg,Ramen,1
152839110_1015735665618669_6107180570988458055_n.jpg,151350728_3927863133942796_3207591448617399978_n.jpg,Ramen,1
316812899_153026954111789_3857708889581216474_n.jpg,316965628_153628484051636_8989734713588215362_n.jpg,Ramen,1
317073780_152972780783873_4861874251574986161_n.jpg,317090093_152973527450465_7107632891179524663_n.jpg,Ramen,1
316263605_152972280783923_373168933401257426_n.jpg,316945722_152379074176577_6122673561102894677_n.jpg,Ramen,1
316424007_152971994117285_5629706746498567836_n.jpg,315553090_151349247612893_1551330009511799505_n.jpg,Ramen,1
316676610_152383684176116_5278942978315411409_n.jpg,314967702_149435187804299_3762763209678592397_n.jpg,Ramen,1
311154043_927849221516270_3915455139898845698_n.jpg,312026734_1073799916659584_7281487965936574010_n.jpg,Ramen,1
311073186_2130647070474371_4927293031665060112_n.jpg,311447988_468062445295430_3599079572221690083_n.jpg,Ramen,1
310873825_777030303370923_5175305165093145022_n.jpg,311746357_499816168673049_8303903743844636666_n.jpg,Ramen,1
310596937_1012963606768943_4067755927971225271_n.jpg,311478465_493400659366343_289040289689423632_n.jpg,Ramen,1
311437075_190371113478344_8332867200657404201_n.jpg,311021338_159987450007442_3959776750069785197_n.jpg,Ramen,1
310124720_1327954517740030_6155731653667846137_n.jpg,310621578_192572786479445_6117178142956372731_n.jpg,Ramen,1
309573222_464789985616901_5553528645495089976_n.jpg,309891314_5274647315965994_337548874073863425_n.jpg,Ramen,1
309519003_165729519384320_1102033255849844212_n.jpg,310163487_180325491201434_6070199003073864627_n.jpg,Ramen,1
308714764_1520681085021127_617705524801554633_n.jpg,308494754_874741020156853_2636018043984747988_n.jpg,Ramen,1
307655518_5806493896035562_1444903109016578572_n.jpg,307834780_866237757606388_2958084627135504076_n.jpg,Ramen,1
306917569_836656103990926_8012047508509536880_n.jpg,307726641_485450260117829_7639687817490152763_n.jpg,Ramen,1
307630899_596275278708729_3487695446762220808_n.jpg,307561055_1730071694037572_8244817576429059176_n.jpg,Ramen,1
306096790_1106923720191494_5390300895055602312_n.jpg,307259859_808719023659060_6321608169158153085_n.jpg,Ramen,1
306081090_1510900399324211_8503281087830745879_n.jpg,306477342_189155720166367_5956430331153027473_n.jpg,Ramen,1
305860807_1494781827634309_5254387089408243065_n.jpg,306679193_386915690112875_1789099815826869506_n.jpg,Ramen,1
305279134_603021091364871_7708288590563737578_n.jpg,306100588_475510381147757_1196563992721500500_n.jpg,Ramen,1
303236136_604816304478290_172803265930448776_n.jpg,305884891_608290267418527_138773165400340504_n.jpg,Ramen,1
302710560_5972240629472774_1259013470229066516_n.jpg,302104968_637109757742226_1055674805015072490_n.jpg,Ramen,1
277255963_1085014708735332_8419494075876859339_n.jpg,277581244_5506222672741130_2092650824517213764_n.jpg,Ramen,1
276983363_483148460172623_6099317131378628845_n.jpg,277581244_5506222672741130_2092650824517213764_n.jpg,Ramen,1
277081829_287373060061572_8963564209910319082_n.jpg,275547308_360892815911739_7249945032984791071_n.jpg,Ramen,1
277030649_2287695884706829_3105949816716523427_n.jpg,275630400_1872407523148481_5045520932768779622_n.jpg,Ramen,1
276074188_539213610896078_4246006976824894102_n.jpg,275630400_1872407523148481_5045520932768779622_n.jpg,Ramen,1
276027558_651692902606741_7292483838722976390_n.jpg,275547308_360892815911739_7249945032984791071_n.jpg,Ramen,1
275917024_370855998181732_8454599616126799886_n.jpg,275449055_377220061077047_6772157616319415825_n.jpg,Ramen,1
275887357_3265520833671683_6403418142386295489_n.jpg,275531116_3192049261025482_4823763894111901074_n.jpg,Ramen,1
275080678_1302912126876908_5746632695259810381_n.jpg,275531116_3192049261025482_4823763894111901074_n.jpg,Ramen,1
274943276_330355985788253_6107291682074621025_n.jpg,274633106_124676306786399_4707342812030897536_n.jpg,Ramen,1
274566754_1061115287785331_4668794358386587844_n.jpg,274502327_3118833508434250_4934016190821833646_n.jpg,Ramen,1
274122438_661143624922410_8136924431237878255_n.jpg,273593179_1076395929809748_3848076108543400843_n.jpg,Ramen,1
77028380_770153793452180_5781857186507650508_n.jpg,81609347_2491375327783027_456092356236540590_n.jpg,Ramen,1
80668935_821523448325595_5682589338691527181_n.jpg,78939191_2628207360743005_4608320762916451028_n.jpg,Ramen,1
75371276_1245094419211545_6635992898573336028_n.jpg,78859810_578292709398146_2774078285334870104_n.jpg,Ramen,1
79383180_279017193057279_8356730934320497944_n.jpg,78783727_496053524443183_7917892906093790196_n.jpg,Ramen,1
77028380_770153793452180_5781857186507650508_n.jpg,79148655_466116627404062_4452689600347418910_n.jpg,Ramen,1
80668935_821523448325595_5682589338691527181_n.jpg,78774866_181982142854738_2322490065593940640_n.jpg,Ramen,1
75371276_1245094419211545_6635992898573336028_n.jpg,81398703_212028573144313_364130994458994770_n.jpg,Ramen,1
75580644_2750918008304500_264373236640791097_n.jpg,71182982_2424170071244596_4379177736122502083_n.jpg,Ramen,1
72789898_157187405507465_7571335839360713491_n.jpg,76887270_496316014308436_8928305966275538517_n.jpg,Ramen,1
72781206_107236080646915_105836491357013925_n.jpg,72299815_157758158806476_3571697223681565128_n.jpg,Ramen,1
73036543_2701878206565943_99846392390244117_n.jpg,73393298_179087009879058_7393527651229324178_n.jpg,Ramen,1
71713324_1372788962880638_6843625271317176003_n.jpg,75602203_201497744210289_4131909896115570340_n.jpg,Ramen,1
72487369_805321096584651_1828901546681116043_n.jpg,73250908_154283859291939_4406244861925087604_n.jpg,Ramen,1
75272119_155542502354915_9063639254265953806_n.jpg,72977128_116093663178907_6871202834528863719_n.jpg,Ramen,1
74384414_1531407200330849_2770297906078855134_n.jpg,71286062_340408146805015_4238916231357662732_n.jpg,Ramen,1
72901428_200529897636804_8270739627112300444_n.jpg,71731208_167505307775591_8277646012597587384_n.jpg,Ramen,1
73091491_168504727673339_7223148220964105738_n.jpg,73480806_208646230138312_4154701436797450956_n.jpg,Ramen,1
72248635_473033110223769_2512291307959383063_n.jpg,71255789_2617040574983062_6950391026766258749_n.jpg,Ramen,1
121173313_630982247587296_7526873547037895211_n.jpg,123140662_2664464673819629_758774588878349283_n.jpg,Sushi,1
121663614_1772053466281637_2165721196137235996_n.jpg,123384576_125862325712662_5721237591491034013_n.jpg,Sushi,1
123140090_404369590580709_5460559474064240043_n.jpg,126424306_684546002425844_1903335169406236047_n.jpg,Sushi,1
120536888_126416008914630_6585228881115707806_n.jpg,123144721_202861281348883_590201382493675377_n.jpg,Sushi,1
121636270_2960238350928152_5127125759777494166_n.jpg,127925909_377601623525424_6536478415947567988_n.jpg,Sushi,1
122565336_395657851811740_3036997020445208536_n.jpg,125091296_2926970854192350_3264975942999600430_n.jpg,Sushi,1
121592217_1308166029530364_7371906015222181114_n.jpg,124217510_3396888577061190_4974045476546649847_n.jpg,Sushi,1
121063438_227210542068628_6165747730325576932_n.jpg,126058501_2682912192024054_8508878587062177914_n.jpg,Sushi,1
120551145_806115763498674_4242180141545987195_n.jpg,125466564_2690835787836104_7737091042739408683_n.jpg,Sushi,1
120733398_1308036952877644_1368805335171939856_n.jpg,123144553_704058607190972_7174138761568614230_n.jpg,Sushi,1
120926363_370466340805287_765780305985548579_n.jpg,123172824_772679293281955_5175570988091646256_n.jpg,Sushi,1
123739948_2862211360658598_2575555021032751202_n.jpg,124029345_853648638705511_5924469535942986082_n.jpg,Sushi,1
28433527_917500551743963_2068490433398308864_n.jpg,29415618_169026053908204_3152048980678934528_n.jpg,Sushi,1
26868605_1982629161955137_8525708905186066432_n.jpg,28764913_154475388524454_5449750522900774912_n.jpg,Sushi,1
28151834_154688755158944_2395915173559795712_n.jpg,29087382_1904178226319012_8241629812494434304_n.jpg,Sushi,1
27890789_166610420795830_3871108118997893120_n.jpg,28428193_2020416538173536_4095514941828628480_n.jpg,Sushi,1
27893854_560906910938928_9054207731925254144_n.jpg,29093813_123898548451270_699748364060721152_n.jpg,Sushi,1
13256969_1725909101011693_989988814_n.jpg,13181375_1114595581915474_1051079130_n.jpg,Sushi,1
13249845_1145212565529449_903487074_n.jpg,12905050_1702933476645840_295049727_n.jpg,Sushi,1
13257128_283311608675120_2048582663_n.jpg,13258917_1685396928347572_1268159680_n.jpg,Sushi,1
12965162_1562646030699206_1091496153_n.jpg,12677527_1740484719497301_2138254466_n.jpg,Sushi,1
12383665_482176871966810_530560087_n.jpg,13118344_1710364645868395_961309100_n.jpg,Sushi,1
13267411_581362782037024_179191124_n.jpg,13166695_1589830088012005_1948013272_n.jpg,Sushi,1
13151354_875783432533844_1437326958_n.jpg,13256610_237797486611814_1931005133_n.jpg,Sushi,1
13129949_1005170399518634_23556381_n.jpg,12976437_1609110956076904_1228850299_n.jpg,Sushi,1
12519107_924840830947307_74989274_n.jpg,13183547_280054262339847_381362562_n.jpg,Sushi,1
12950370_1669264433339256_915071096_n.jpg,13118258_1195835940461576_2024658923_n.jpg,Sushi,1
12940247_650608885078322_232035883_n.jpg,13188209_628434130640288_1782527935_n.jpg,Sushi,1
12960118_1042963535742894_875518427_n.jpg,12965839_993371057377660_1124139822_n.jpg,Sushi,1
13129516_1081400751935283_747739957_n.jpg,13249010_236005396771574_485907932_n.jpg,Sushi,1
125005040_738157110120516_3945201716708954373_n.jpg,129483116_2744988429088177_7877029358701699875_n.jpg,Sushi,1
123146197_1036176946847731_928824156947549699_n.jpg,128422161_382560506495717_6662192582818754818_n.jpg,Sushi,1
126520464_153524943124372_5214325342417922845_n.jpg,124295807_912900245908729_7878599510152787759_n.jpg,Sushi,1
126056274_212979423597368_4519631247727730342_n.jpg,126972937_421191402233599_8523281420090427901_n.jpg,Sushi,1
125472113_387629995923934_7024254964387982507_n.jpg,123482519_387658885758937_2982566443978511088_n.jpg,Sushi,1
121389160_1650397671807288_8715062090969151002_n.jpg,123864117_376512407102724_3995817528217917742_n.jpg,Sushi,1
127701101_774036309848342_8925353607762608101_n.jpg,122200464_457996815178670_241781219929953444_n.jpg,Sushi,1
123140377_377267950291750_2806601892336860731_n.jpg,122087533_129037988644464_4598580470885863660_n.jpg,Sushi,1
127157828_3474079642704500_5030982143150119189_n.jpg,122256957_1814218692061873_162757197600505219_n.jpg,Sushi,1
126793056_3868654863167937_1354582415614491506_n.jpg,122463067_197912291735415_6508861445156157655_n.jpg,Sushi,1
74942732_242844876685331_3084450857946637095_n.jpg,78793667_189866068835136_3702854128861769494_n.jpg,Sushi,1
73288872_420015445338083_3302719873906151180_n.jpg,77408523_160307528524163_7320289049756910447_n.jpg,Sushi,1
81062654_610122716483052_6913959112713576857_n.jpg,78726172_739566876552851_6092582006280585163_n.jpg,Sushi,1
75554017_503705193820971_9145758154388369205_n.jpg,75629100_2476660405776788_1350933211901912694_n.jpg,Sushi,1
69893963_226866188296514_7129183122711021346_n.jpg,79518756_2894467763939338_3870708439315366922_n.jpg,Sushi,1
72869364_181380416324003_9019895518053004750_n.jpg,71528354_175839520231617_4393234170817984964_n.jpg,Sushi,1
75223610_237067110607203_2563270886164239565_n.jpg,72769266_108530287143611_6115962699199171531_n.jpg,Sushi,1
72900298_409641183047800_5170738818349884849_n.jpg,80127787_129703078492019_3586914021413726464_n.jpg,Sushi,1
74673904_155745358994323_8265214010571196173_n.jpg,74609522_472670090043402_2666566351708440676_n.jpg,Sushi,1
73457353_2820862781308005_466785208088744296_n.jpg,73457385_106961457353248_6175816584649849799_n.jpg,Sushi,1
29737547_200205827375992_5422603447666999296_n.jpg,29414730_567352690288924_5215071731730874368_n.jpg,Sushi,1
31897607_385614681925751_2140302058954162176_n.jpg,32276181_1775155502575830_4205594463998836736_n.jpg,Sushi,1
31997946_173557523354604_7037525745261871104_n.jpg,30923780_164049174428437_3118283665784700928_n.jpg,Sushi,1
31497495_1481724291937088_7801630075379515392_n.jpg,32149011_206684306609476_500698371015573504_n.jpg,Sushi,1
32443715_204769380245606_2213268888978718720_n.jpg,30996069_492375134512865_1342774168784994304_n.jpg,Sushi,1
31493562_401162413627304_4324197172674297856_n.jpg,32178284_177140093117706_5562868678598328320_n.jpg,Sushi,1
29716103_220058575428837_7652574897524178944_n.jpg,30591831_177607509627514_2334773118645567488_n.jpg,Sushi,1
32382375_454724208301375_4619664693273821184_n.jpg,32718380_235831010498517_8082338134139863040_n.jpg,Sushi,1
30087974_875563032625887_8143698871608934400_n.jpg,30604112_374160593067757_7807932849692082176_n.jpg,Sushi,1
32531888_2092479777700664_7459964623823831040_n.jpg,32035727_457499854689103_5753123570758713344_n.jpg,Sushi,1
